BC,class
AAAACGGAACGG,0
AAACATTGGATC,0
AAACCCCCGGAA,5
AAACTAGTGCTA,3
AAATCACCACAC,0
AAATCTTTTCCA,0
AACACCTACAAT,0
AACACTACCTAG,4
AACCCTGAGAGA,0
AACCGAATTCTG,4
AACCGTTCAAAG,6
AACCGTTGTCCA,2
AACCTCGGGATA,0
AACCTGTGACAG,0
AACGACCAATTC,2
AACGCTACACAG,0
AACGGCAGGCTT,2
AACGGCATCTGC,5
AACGTCATATCA,0
AACTACAGGCTA,7
AACTGAACTGTA,1
AACTGGCCAACA,4
AACTGTATCGTA,4
AAGAAGTTACTG,2
AAGAGAGATTCA,0
AAGAGAGTCGCG,0
AAGAGGTCTCTC,0
AAGAGTCATCGA,0
AAGATAGCAAGC,0
AAGATTTCCACG,5
AAGCAGCTGGTA,4
AAGCAGTCCAGG,2
AAGCCTTATTGT,0
AAGCGACGCTAT,0
AAGCGCATAGTG,0
AAGCGTCTAAGC,6
AAGCTCAGTCAG,0
AAGCTTGACGTA,0
AAGCTTGCTGCC,0
AAGGACCCCTGT,1
AAGGACCTGTAC,0
AAGGCGCTCCAC,6
AAGGGGACTGTC,0
AAGGTGACTCTG,2
AAGGTTGTGTAT,0
AAGTAGACTTCC,0
AAGTCTAGACAG,0
AAGTCTGCTAGG,4
AAGTGACCCAGC,2
AAGTGCCAACCG,4
AAGTGGCATCGT,0
AAGTGTTAGGAA,4
AATACCGGACTT,1
AATAGTGGTCGC,1
AATATAGGCCCG,0
AATATTCTCTGG,0
AATCCCCGGCTG,6
AATCCGGGATAA,7
AATCGCCACCTG,0
AATCGCTCGACG,0
AATCGTATCTAG,0
AATCGTGCAGGC,2
AATCTATCTGGG,6
AATCTGCCTGGC,0
AATCTGCGAGCC,6
AATTATCGTACG,0
AATTCTGCACCA,0
AATTGAGGCATC,0
AATTGCGGCAAA,1
AATTGGTCCGCA,0
AATTTGGCCTAT,4
ACAAAGGAGCTA,6
ACAAAGGCTGAT,0
ACAAGACCTCAT,4
ACAAGGGGCCAA,1
ACAATACGGAGA,0
ACAATTCGGTAC,0
ACACCACGCAGG,0
ACACCATTTGCC,2
ACACCCAGGATC,0
ACACCCTACAGG,4
ACACCGAGGGAA,3
ACACCTAAAGGT,0
ACACGACACTAT,0
ACACGGGAGGAT,0
ACACGTCAGGGT,0
ACAGCATCAACT,3
ACAGCCGTCCTA,7
ACAGCGTTGCGA,0
ACAGCTTCCGAC,2
ACAGGAAGGCCC,2
ACAGGAGTATTG,2
ACAGGCAAACCC,6
ACAGGGAAACGG,2
ACAGTGGGTTTA,0
ACAGTGTATTCC,0
ACATAACTTAGG,0
ACATAAGCCCGG,5
ACATACCAGCAG,3
ACATACGTATCT,0
ACATAGTCTCAG,0
ACATCAATACTG,0
ACATTCGACGTC,7
ACATTGGAAACA,0
ACCAAAACGCGT,0
ACCAAAGCTCTC,0
ACCACAACGTGC,0
ACCACGAGACAC,0
ACCCAAAGCCTG,0
ACCCGGGCAAAA,5
ACCCTGTCGTGC,1
ACCGACGACACT,0
ACCGAGCGAATA,7
ACCGCGTACGAC,3
ACCGCTTCATTA,4
ACCGTACTACAG,0
ACCGTTACAGGC,0
ACCTAAGACTTC,0
ACCTATTGAGGT,1
ACCTGAACAGCC,5
ACCTGAGTCCAT,0
ACCTGGTACCGT,3
ACCTTGGCTAAT,0
ACGACGAAATAG,0
ACGACGTTGAGT,2
ACGAGAAATCAT,2
ACGAGACATATC,1
ACGAGACGTCAG,1
ACGATACGTGTC,2
ACGATCCCAAGG,2
ACGCACTATTCA,0
ACGCCCAAAGCA,0
ACGCCTTGCGAA,0
ACGCGAGTCCAA,0
ACGCGTAATCGA,1
ACGGAAACATTG,1
ACGGGCACAAGG,0
ACGGGCTAACCT,0
ACGTACACTCCG,0
ACGTAGAGGGCT,0
ACGTCCGTTATT,4
ACGTCGACAAAA,1
ACGTGAGAATAT,0
ACGTGCTGGCGA,3
ACGTTGACACAC,2
ACTAACCTTTTC,0
ACTACATTGTTA,2
ACTAGGTCCGGC,0
ACTCACCATCGT,0
ACTCAGTGCGAA,0
ACTCCCCGGAAA,6
ACTCGACGTTAC,0
ACTCTCCGTACT,2
ACTCTGACTTCG,0
ACTCTGGGGGAT,6
ACTCTGTGGGCG,1
ACTCTTGGAATT,0
ACTGCGGCTCTT,4
ACTGCTGACATC,1
ACTGGTTTGCTC,0
ACTTACCGTCAC,0
ACTTCACCAAAC,0
ACTTCATTCCGT,5
ACTTCCTTGAGT,2
ACTTCTAAGGAG,0
ACTTTACCCGCG,4
ACTTTTACCACT,5
AGAAATCTGGAA,0
AGAACACGATCC,1
AGAACCGACCAA,1
AGAACGAGTGTC,2
AGAACGCGTTAG,0
AGAACTGTATCG,6
AGAAGCGAGCGA,0
AGAAGCTGATTC,6
AGAAGGCCCTGG,3
AGAAGTCTCTCG,0
AGAATCGTTTTC,0
AGACACGTCAGC,1
AGACAGGTTACA,0
AGACATCGTTGC,0
AGACGAGGCGTA,0
AGACTCATATTG,0
AGACTCTCACGT,4
AGACTGTCCTAG,4
AGAGCAGAGCAG,0
AGAGCCGGAACC,4
AGAGGATAACCC,2
AGAGTGTCGGTG,0
AGATAGCCTTCA,0
AGATATTTCTGA,7
AGATCGCCTCCT,7
AGATCTACGCGT,4
AGATCTACTTGC,4
AGATCTGTCGAC,0
AGATTGGATACG,4
AGCAATCCGTGC,7
AGCAATCGCGTT,0
AGCACAAGGCAC,0
AGCACACGTCAT,1
AGCACGTTAGCA,0
AGCAGCGAGGAT,6
AGCAGCGTTACT,0
AGCAGTCGTCGG,6
AGCAGTTTTGTA,0
AGCCAATTGCTC,4
AGCCCCATAAGC,2
AGCCGAAGGTTG,1
AGCCTATCCCAG,2
AGCCTGAAACCG,4
AGCGAAACGAGT,4
AGCGACCCGACG,1
AGCGAGTAAGTT,0
AGCGCATCGTGG,0
AGCGGTCGTTCT,6
AGCGTATAACTG,0
AGCGTCGATCCG,0
AGCTCGGCGCTA,6
AGCTGGTGCAGA,1
AGCTTGGACTCC,0
AGGAGCTCTCAA,2
AGGAGCTGGATA,2
AGGATCTAGCCT,1
AGGCAATTCTGC,0
AGGCATATTTAT,0
AGGCCCATCTAC,0
AGGCCCGGTACA,6
AGGCCGTGCTCT,4
AGGCGGGTAACA,0
AGGCTACGCTGC,2
AGGGAAAGGAGC,3
AGGGAACTTAAT,4
AGGGAGGCGTTA,0
AGGGCTGACAGC,0
AGGGTCTAACGC,0
AGGGTTGATTCA,0
AGGGTTGCAGTA,1
AGGTAAGCAGCA,0
AGGTCCGAGATC,4
AGGTGCAGGCAT,0
AGGTGCTAGCTG,6
AGGTTCGGTCCA,2
AGTAACCCGTAG,0
AGTAATAACGCA,3
AGTACCAACGAA,0
AGTAGACCTGGT,4
AGTAGCCCGAAT,1
AGTAGCTCGATC,3
AGTATCGGTCAA,2
AGTCACCGCAAA,0
AGTCAGTAAAGG,0
AGTCCCCACAGA,0
AGTCCCCCTTGA,0
AGTCCTTCTAGA,1
AGTCGCATTGCC,6
AGTCGCCACTGG,0
AGTCGCGTAAAC,2
AGTCGGTCGAAG,0
AGTCGTAGATCC,6
AGTCTTCGTTAA,2
AGTCTTGAACCC,0
AGTGACCACTTG,4
AGTGCATAAGTA,0
AGTGCTACGGGC,0
AGTGGACACGCA,0
AGTGGCCACCAT,2
AGTGGCTAAAAG,6
AGTGGTCCGATT,4
AGTGGTTCATTA,2
AGTGTACAGACT,0
AGTGTCAGCGGT,7
AGTTCCCACGCG,5
AGTTCTTAGCCT,0
AGTTGCGTCAGG,0
AGTTTGATAGTG,0
ATAAAGAGCTTT,0
ATAACGCCGAAA,4
ATAAGGACAAGG,0
ATAATCACCATT,2
ATAATCCGTTCC,0
ATACACACCCCA,2
ATACCATACGGG,5
ATACCCATAGGC,4
ATACCCCTGAAC,0
ATACCGTCAGCT,1
ATACGTTGGCTC,0
ATACTTCAGTCT,0
ATAGAGGAAGGC,0
ATAGATAGGCCA,4
ATAGCGTATCCG,0
ATAGGAAGGCTG,2
ATAGGCCTCATC,0
ATAGTAGTTTAC,0
ATAGTCAGGCCG,2
ATAGTCTGAACC,7
ATATCGATTGAA,1
ATATCGCTCGGG,0
ATATTAGTCCCC,0
ATATTGGAGTCA,2
ATATTTCCAAGA,0
ATCAACCGTGCT,0
ATCAATCTTACT,0
ATCAGACCCTAG,5
ATCAGATCCGTC,0
ATCAGTCGGTTA,0
ATCATTAGGGTC,0
ATCCATTACGTA,2
ATCCGAGAGTGC,2
ATCCGCACCTCT,0
ATCCTAATCCCC,0
ATCCTAGGTGGG,1
ATCCTGGCCATT,1
ATCCTGTCTATC,7
ATCGACGAGCTA,0
ATCGACTCACGT,0
ATCGCCACGTCG,0
ATCGCCATCACG,4
ATCGCTCAGGCC,1
ATCGTAAATAGG,1
ATCGTCTGAGCA,0
ATCTACACCGCA,6
ATCTCGCTCGAA,0
ATCTCGTAGAAG,0
ATCTCTTCAACA,0
ATCTGGAGTCCA,0
ATTACAAAAGGC,0
ATTACAACACCA,0
ATTAGCCTGACT,2
ATTAGGATAGCT,2
ATTCAACGTCAG,0
ATTCACAACAAT,3
ATTCACCACTGT,0
ATTCACCGAGCT,5
ATTCCAAACTCG,4
ATTCGACATCTA,1
ATTGCCGCCTAC,0
ATTGCGACGAAG,0
ATTGCTCCATCT,4
ATTGCTGAAACT,3
ATTGGCAGTCCT,4
ATTGTAAGTCAG,3
ATTGTGCGGTTC,1
ATTGTTCATCAG,4
ATTTAACGAGGG,4
ATTTAAGTCCAA,0
ATTTACAGATCG,0
ATTTCGATCTCC,4
ATTTGATCTGAC,0
CAAAAACCGCGA,0
CAAAAAGCTGTG,5
CAAAACGGAGAG,1
CAAAACTCCCAA,0
CAAAACTGACCG,0
CAAAAGGACAAG,2
CAAAAGTCGAAG,0
CAAACACACTTC,0
CAAACGTATATA,2
CAAACTAGGCCG,2
CAAACTTAGTGA,0
CAAACTTTACCT,4
CAAAGCAGGACA,1
CAAAGCGACTCC,0
CAAAGCTCCGCT,0
CAAAGCTGTACC,0
CAAATACCAACC,1
CAAATACCGGGC,1
CAAATAGATACT,0
CAAATATTTGCG,0
CAAATCACCGGA,0
CAAATCGTACCT,0
CAAATTACCAGG,0
CAAATTTGATCT,2
CAACAGAGCTAG,0
CAACAGTCGGTT,4
CAACATTTTCAC,4
CAACCATTTGCT,2
CAACCCTGTCAG,1
CAACCGACGGAA,0
CAACCGACGTGC,0
CAACCGCCTGGA,0
CAACCGGGCTGA,7
CAACCGTCCAAC,0
CAACCTAAGAGC,4
CAACCTGAGGCT,0
CAACGAGCGCAC,2
CAACGAGGTATC,4
CAACGCCCGGTT,4
CAACGCTACAGC,6
CAACGTCAATAA,4
CAACTATCGTAG,1
CAACTCCTGCGA,1
CAACTCTACGAT,0
CAACTGCCTACG,2
CAACTGCGCAAG,0
CAACTGCGGGCA,0
CAACTGGCTAGA,0
CAACTGTCTCGG,2
CAAGAACTGCCA,7
CAAGAAGGTAGG,0
CAAGAATCGTAA,1
CAAGACAAGGTT,4
CAAGACAATTCA,0
CAAGACCACGAA,0
CAAGACCTCGGC,0
CAAGACGAACTC,6
CAAGACGGAGGT,0
CAAGACGGCACG,0
CAAGACGGTATT,0
CAAGATTCTTCA,6
CAAGCCACCCAA,4
CAAGCCATATAC,0
CAAGCCGGCTTC,1
CAAGCCGGGACA,1
CAAGCTGCATAG,4
CAAGGAAGGTAT,6
CAAGGAAGTGAA,2
CAAGGACACGTT,4
CAAGGACATAAG,4
CAAGGATCTATT,6
CAAGGGTAGCAT,0
CAAGGGTTCGTC,5
CAAGGTGGTTAA,0
CAAGGTTGCGCA,0
CAAGGTTTTGGG,7
CAAGTAAGAGGG,0
CAAGTACCATAA,4
CAAGTAGCAACT,3
CAAGTCAAGTAT,6
CAAGTGGGTCGT,6
CAAGTTAATTGA,3
CAAGTTACGTGG,2
CAATAGGATATT,0
CAATATAGACGT,0
CAATCAGAATTA,2
CAATCCCCTTGT,0
CAATCCCTGTTT,0
CAATCCGCCTCT,0
CAATCCTATCGA,0
CAATCCTATTAC,4
CAATCCTCTCTT,0
CAATTCCAGAAG,1
CAATTCGCACGT,0
CAATTGGAGATC,0
CAATTGGTGTGC,4
CACAAAATTCGC,0
CACAAATCATCA,0
CACAACGACAGG,0
CACAACGCAAAA,1
CACAACTCGGAA,2
CACAAGCTCACG,2
CACAATAACGTC,4
CACAATACTGAA,0
CACAATCAGCTA,0
CACACCCGGAAA,1
CACACGGAAACC,4
CACACTATTCAG,5
CACACTGTGTCA,4
CACAGACTCGTA,0
CACAGACTTTCA,3
CACAGGATCAGC,1
CACAGGTCAGAA,5
CACAGTAAATAG,4
CACAGTTGTACA,1
CACAGTTTGAAG,0
CACATACGTGGG,6
CACATCATCTTT,0
CACATCCTAAGG,0
CACATCGACTGA,2
CACATCGCAACC,0
CACATCTACCCA,0
CACCAAGGGCAA,0
CACCAGACGTTA,1
CACCAGTTAGAT,6
CACCCATAGCAT,4
CACCCGAGGGAT,7
CACCCGTATATC,0
CACCGGTAGTGG,4
CACCGTAAAGTG,2
CACCGTGAGTTA,2
CACCTAAAGACT,4
CACCTCCTAATC,4
CACCTGGGCGAT,2
CACCTGTGTACG,0
CACCTTGAAGAT,0
CACCTTTAAAGG,0
CACGAAACCTTT,6
CACGAACTTGAA,0
CACGACAGCTTA,0
CACGACCGCAAC,1
CACGCAAGTATC,4
CACGCACGACAG,0
CACGCAGCCAAA,1
CACGCCGCTAAT,0
CACGCGTTGGAA,0
CACGCTACAAGT,0
CACGGAAGCCAT,0
CACGGCGCACAT,0
CACGGCTATAAT,0
CACGGGTACTCG,0
CACGGTTGTAAG,2
CACGGTTTGACA,0
CACGTATTACTT,4
CACGTCAATACT,4
CACGTCGCCGTT,0
CACGTGGATAAA,0
CACTAAACTCCT,0
CACTAACCCACG,6
CACTAATCCAGC,0
CACTAGAAGTGA,0
CACTAGTCGTAT,1
CACTCAGGTGAT,4
CACTCCAACAGG,7
CACTCCAGATTC,6
CACTCCCATTCG,7
CACTCGGATTCA,1
CACTCGGGTTTG,4
CACTCTACTTCA,0
CACTGAAGATAG,0
CACTGAGCTGCT,1
CACTGATCCACT,7
CACTGATCCTGG,4
CACTGCAGTATA,4
CACTGGACAGGT,2
CACTGGTCTATA,3
CACTTAACCGCT,5
CACTTACCTTTG,0
CACTTCCATCGC,6
CACTTCGACGTA,4
CACTTGGTGCGG,0
CACTTGGTTAGA,0
CACTTTTCGGAC,5
CAGAAAGAACGA,0
CAGAACAATCTT,0
CAGAAGCTTTCA,0
CAGAAGGGCTAT,0
CAGAATAGTAAT,5
CAGAATATTTAG,0
CAGAATCCTTGA,0
CAGACAAAGCAC,0
CAGACACCGACC,0
CAGACAGAGCTT,0
CAGACCGTCCGT,0
CAGACGACACTT,5
CAGACGGCTATC,0
CAGACTAGCAGC,0
CAGACTCGGAAC,0
CAGAGACCATTT,0
CAGAGACGGGCA,4
CAGAGATCGGAC,5
CAGAGCCATTCA,7
CAGAGCCCAGCT,4
CAGAGGCAAGGG,0
CAGATAGACGAA,0
CAGATTGGTAGT,0
CAGCATAAACCG,4
CAGCATATCGGT,6
CAGCCCTTGGTT,0
CAGCGATAAAGA,2
CAGCGCTGACGC,2
CAGCGGCTGCTT,0
CAGCGGGACTTA,0
CAGCGGGTCTAC,6
CAGCGTTATAAA,0
CAGCTACGTAGG,0
CAGCTACTAATT,1
CAGCTAGAACCC,0
CAGCTCGCGTGT,0
CAGCTGCGTCTC,0
CAGCTGGTACTA,4
CAGGAACGACGT,0
CAGGAACTAGAG,0
CAGGACATATTA,2
CAGGACCAGCAG,1
CAGGAGACTCCC,1
CAGGCAACCGGA,4
CAGGCACATAGT,2
CAGGCCCACTTA,0
CAGGCCCTTCAA,0
CAGGCCGACCAG,1
CAGGCCGCCATA,1
CAGGCCTCGGCA,4
CAGGCTTCCTGG,6
CAGGGAATATCA,4
CAGGGAGTCACC,0
CAGGGGCACGAT,4
CAGGGGTCCTGT,0
CAGGGTGTATCG,2
CAGGGTTGAGGT,4
CAGGTACTGTTG,0
CAGGTATCACCT,2
CAGGTGAATTAT,1
CAGGTTAAACCA,0
CAGGTTTCCTTA,0
CAGTAAGGAACG,0
CAGTAAGTGGGG,0
CAGTACAGGGTA,0
CAGTAGCTTAAA,6
CAGTAGTTGGAT,5
CAGTATCCTAGT,0
CAGTCAGCGCGA,0
CAGTCATAAAAC,0
CAGTCGATCGAA,0
CAGTCGTGTGTG,0
CAGTGATTCAAT,0
CAGTGCCATCAA,5
CAGTGCGAGTCA,2
CAGTGCGTCAAG,7
CAGTGGCGTGAT,0
CAGTGTCGAAAT,0
CAGTGTCGTGCG,0
CAGTGTCTCTAG,0
CAGTTAACGCGG,0
CAGTTAGCCGGA,0
CAGTTGTCAAGC,7
CAGTTTGAACAG,0
CATAAAGATTCG,1
CATAAAGCAAGT,0
CATAAGACTACA,0
CATAAGATTAAG,0
CATACACCGATA,0
CATACAGTGAAA,4
CATACGACCTTT,4
CATACGCATCGA,4
CATACGGACTCC,2
CATACGGGTTTT,6
CATAGAGAAGAG,3
CATAGCTGGAGT,2
CATATAGTGGTA,0
CATATTGTGCCA,6
CATATTTTCCAC,4
CATCAACTTCGG,1
CATCAAGTCGAG,2
CATCACGCTAAA,0
CATCACTTCATA,2
CATCAGGAAAGG,0
CATCATAAAGGA,2
CATCATACAACC,0
CATCCAAAAATT,2
CATCCAGTAATC,0
CATCCGACCGGA,0
CATCCGGTCCTA,1
CATCCGTCATCT,0
CATCGATCAAAG,4
CATCGCTCGGAG,0
CATCTAATTACA,0
CATCTCACTACC,0
CATCTCCGGCTA,0
CATCTCGCGGGG,0
CATCTCGGTGAG,2
CATCTGGATTCC,0
CATCTGTAGGAG,0
CATCTGTGACTG,0
CATCTTTACTAC,0
CATTAACCACAG,6
CATTACAGAAGC,0
CATTACGCATAG,0
CATTAGCCGCGG,5
CATTATAACTGT,0
CATTATACAGAC,0
CATTCACACGAT,0
CATTCATTACTG,6
CATTCCACGACG,0
CATTCCCACTTT,0
CATTCGAGAGAT,7
CATTGATTTCAC,0
CATTGCGACATC,4
CATTGCTCTATC,1
CATTGGCGTCCC,2
CATTGGTATTAG,0
CATTGTACTCCT,0
CATTTAGTAACC,0
CATTTAGTCAAG,1
CATTTGGGTAAT,1
CATTTTAGACTC,0
CCAAAACATTTT,0
CCAAACCAAACC,7
CCAAACCCATTA,0
CCAAACCGGTGT,0
CCAAACTGAGGT,3
CCAAACTTTATT,7
CCAAAGGTTCCC,0
CCAAATTCACTA,0
CCAACCGATTAT,0
CCAACCGCATAG,1
CCAACGAAACCT,7
CCAACGACCTTA,0
CCAACTCTGCGT,7
CCAACTTGGTGT,4
GAAACACAACCG,0
GAAACGCAGGGC,0
GAAAGAGTTTTT,1
GAAAGTGATAGA,0
GAAGAGCAAGAG,0
GAAGCCAGACCT,4
GAAGGATTATTA,1
GAAGGATTCACA,0
GAAGTCACATTA,0
GAATCTGCCATA,0
GAATTGACTCAA,0
GACACTAACTGA,0
GACAGAACAGTT,0
GACAGCGATTAA,4
GACATACGGTTA,0
GACATATAGACC,2
GACCCAGAAGAC,0
GACCCTTGAACA,0
GACCGATTGTGA,0
GACCTTAAGCTC,0
GACGCCAAAAGT,6
GACGGACCGATT,0
GACGTAAGGAGC,4
GACGTAATCACA,0
GACGTACTTAGC,0
GACGTGTGACCT,0
GACTACAACCGA,0
GACTACTGGCAC,4
GACTCGGTCAAA,0
GACTTAGACTAA,2
GAGAATCTTCCT,0
GAGACTACTGAC,0
GAGACTCCAAGC,0
GAGAGAAAGAGA,0
GAGAGAGCGCAT,6
GAGAGATAGTTA,2
GAGATAACCGGT,0
GAGATAATCGAC,1
GAGCAAAAGGGG,0
GAGCATTTTCCA,0
GAGCCTGCTCAA,0
GAGCGCTTCCAT,0
GAGGAATACGCC,1
GAGGATAGAAAT,4
GAGGGGAATCAC,0
GAGTACGCTTAT,0
GAGTCTCAGGTA,0
GAGTGATATCCA,4
GAGTGATTGCAT,0
GAGTGCTAAATC,0
GAGTGGTCAAGG,0
GAGTGTGATTGT,0
GAGTGTGCACCC,6
GATAACGGAACA,0
GATAATTGCGGG,2
GATACCAGGTTT,4
GATACCTAGTTA,1
GATACTCATTGG,4
GATAGGTGATCC,0
GATATTGGAGTG,0
GATCACCTAGGA,0
GATCACTCTGTG,6
GATCAGCGGGCT,0
GATCCCGCGTAG,2
GATCTATCCGAA,0
GATCTCTGATAT,0
GATCTGGCTATA,5
GATTACACGCCA,0
GATTACGGACAG,0
GATTGACGTCGG,2
GATTGCAGAGAA,0
GATTGCTATTAC,0
GATTGGAAAAGA,0
GATTTACCAGGC,0
GCAAAAGGTAGC,0
GCAAACGTTCCT,0
GCAAACTCGATA,4
GCAAAGCACTTG,3
GCAACATTAAGT,4
GCAACCTTCTGC,0
GCAACGGCGCAA,0
GCAACGTAAAAG,1
GCAACTTTGATC,1
GCAAGCTCATTT,4
GCAAGGGTTTCC,2
GCAAGTGCCTCG,2
GCAATAATCAGA,0
GCAATACACGAC,0
GCAATTACGTGC,0
GCAATTCTACTA,4
GCACAACGGCTT,7
GCACAAGGAGGC,7
GCACAATTCATT,1
GCACACTAATCG,0
GCACAGTATTAT,4
GCACCGTGTAGT,0
GCACCTACTGCG,3
GCACGAGGAAGT,0
GCACGCGGAAAA,0
GCACTCAAATAG,2
GCACTGATTGCC,2
GCAGAAAATTCC,2
GCAGACACGCCA,5
GCAGCCAGAGCA,4
GCAGCCCCAGTA,0
GCAGCCGATACC,3
GCAGCCTTCAAA,4
GCAGCGGAAGAC,0
GCAGGGTAACAC,0
GCAGTCGAATTC,0
GCAGTGAGTACC,0
GCATACGTCGTA,0
GCCAAAATTTGC,0
GCCAAACACCCA,4
GCCAACGAATTG,0
GCCAAGAAAGAG,0
GCCACCTCAAGG,6
GCCACTATCGCG,0
GCCAGCGAGTGT,2
GCCAGTGACCTA,0
GCCAGTTCACTA,0
GCCCAAGTGTGC,0
GCCCATTACATT,4
GCCCCAACTTAA,2
GCCCCGGGAATA,2
GCCCCTTCTAGG,0
GCCCGTACGTTC,0
GCCCGTCGCAAA,4
GCCCTAATATCA,2
GCCGAAGAATTT,5
GCCGAATTACCA,4
GCCGAGAGGTAC,0
GCCGCAAGGTAG,4
GCCGCCACTAAA,0
GCCGTAACACTC,5
GCCGTTACTCGA,4
GCCGTTCGTACA,2
GCCGTTTTGTGT,2
GCCTATTCCGGC,0
GCCTCCGCTTCT,7
GCCTCTGTGTGA,2
GCCTGCTTGCTC,0
GCCTTCGGGTTT,0
GCGAAGAGGTTT,0
GCGACAAAGCCA,6
GCGACAATAACA,4
GCGAGAACAGAT,0
GCGCAACGAGTA,2
GCGCAAGGTTCC,0
GCGCACGGAGCA,0
GCGCAGCCGTTA,0
GCGCATAGCTCA,0
GCGCGGTCTAAG,0
GCGCGTCTCTAC,0
GCGCGTTTCAAT,0
GCGCTAAGAAAA,1
GCGCTACCAGAC,4
GCGCTGAAAGAT,2
GCGCTGCTTTGT,0
GCGCTTGTAGGC,6
GCGCTTTGTTGG,3
GCGGAAAAGCTC,0
GCGGCGTCATAG,1
GCGGCTCAGTAC,3
GCGTAAATCCTT,4
GCGTAACCGACA,0
GCGTAATCGATC,0
GCGTAGCTCGAA,0
GCGTCCTTTTGC,4
GCGTCGTTAGCG,2
GCGTGAAGGACT,1
GCGTGCCCCAAT,0
GCGTTCAATAAT,0
GCGTTCGCACCA,4
GCGTTTACGTCA,0
GCTAAAGACGCA,4
GCTAACGTCCAG,0
GCTAAGCTGCGG,2
GCTACAAATCCT,2
GCTACGAGCCAG,0
GCTACTTCAACT,0
GCTAGCAGCCTA,0
GCTAGGGATATC,0
GCTAGTACAACG,0
GCTCAAGAGTTC,0
GCTCACACGGAG,0
GCTCGAATCCCG,6
GCTCGAGATAAT,5
GCTCTACGGTTC,1
GCTCTTGTAAAG,2
GCTGAAGAGTGA,0
GCTGAGACTAGA,0
GCTGCGTCACTC,6
GCTGGTCTTACA,3
GCTGTCCATTCC,2
GCTGTGTCCACT,0
GCTTCCAAATAC,0
GCTTCTGCCCAG,1
GCTTGGACATAT,0
GCTTTTACGCTA,0
GGAAAAGCTTGG,2
GGAAACCATAGC,4
GGAACACATATT,0
GGAACGAGCAGC,0
GGAAGGCGTAGT,6
GGAAGTACAAAC,0
GGAAGTGTCAAT,1
GGAATCCCCTTT,0
GGAATTCCAGAG,0
GGACACAGGAAC,0
GGACAGCAATCG,0
GGACAGGATCTG,0
GGACCAGTAATT,1
GGACGAGATCCC,0
GGACTAAGTCGA,6
GGAGATTCTAAC,0
GGAGATTCTTGA,2
GGAGCAGAAATC,0
GGAGCATCCCGA,4
GGAGCGCAAGTT,0
GGAGCTGAACAC,1
GGAGCTGACGAA,1
GGAGGGAACGTA,4
GGAGGGTTCTCT,0
GGAGGTCGCACT,0
GGAGTACTCACA,0
GGAGTTAGATCG,4
GGATAACGGCCG,1
GGATAGTCTAAT,2
GGATATTCATAT,4
GGATCCTAGGCA,0
GGATCGTGCCTG,2
GGATTATAATCT,0
GGCAAGACTGAT,0
GGCAAGTGTTCG,4
GGCAGGAACGGA,0
GGCAGGAGTGTT,1
GGCAGTGACGTC,5
GGCATAGGGCAA,2
GGCATCTGTTGA,0
GGCATTCTGGGA,0
GGCCAACCGAAC,0
GGCCAAGTCTGT,4
GGCCGCATCCGT,0
GGCCTACCAAAA,0
GGCCTGATTGCA,0
GGCCTGGTTAAT,6
GGCGAACCTATC,0
GGCGACATTGAT,6
GGCGCACAGAAG,4
GGCGCAGATTCA,6
GGCGGAACTCAA,2
GGCGGCCATATT,0
GGCGTCCTGAGT,0
GGCGTGTGATAG,1
GGCTAATATTGT,4
GGCTACCGCATC,0
GGCTATAAAGGG,0
GGCTGCGGTATC,5
GGCTTAAACAGA,0
GGCTTATCGAAG,0
GGCTTCGTCAAC,4
GGCTTGCAGAAT,1
GGCTTTTGTACA,0
GGGACACCGAGC,0
GGGACTAACGGT,0
GGGAGTAGTCGA,4
GGGAGTTCCTCA,7
GGGATTGTTAGA,0
GGGCAAAAAGCT,1
GGGCGAGTTTTC,0
GGGCGCATCCTA,5
GGGGCCCCTTAG,4
GGGGCTCTGGTT,3
GGGGGAAACAGA,1
GGGGGTTATAAG,5
GGGGTCTGCTAA,0
GGGGTGCCATAA,1
GGGTCCCAAGTA,0
GGTAACAATTTG,2
GGTAACACTACC,0
GGTAACTCGCTT,6
GGTAAGACACCG,6
GGTAATCCCTCC,3
GGTAGAGAGTAC,0
GGTAGTGCGTCT,0
GGTATAAACGAG,2
GGTATAGTCGCA,0
GGTCAACTGCAG,2
GGTCGTAGAGTA,0
GGTCTCATAATT,6
GGTCTCTTGGTT,2
GGTCTTAGTCTC,0
GGTGCTCCAACG,0
GGTGGACCTGAA,0
GGTGGCTACTTT,0
GGTTAGACCATC,7
GGTTCACATACC,2
GGTTCCATAAAT,4
GGTTCGATCGAT,2
GGTTCGCGACCT,1
GGTTGGGTTACA,0
GGTTTAGCTCGC,0
GGTTTGACCGGC,0
GGTTTGCAAAAA,0
GGTTTTTGCCAG,0
GTAAAAAGTTCC,0
GTAAAAGGAGGG,1
GTAAGAGTCGTA,6
GTAAGCAATATA,4
GTAAGCGTACAG,0
GTAAGGCCTGTA,1
GTACAACGTTCT,7
GTACAAGCTGTG,4
GTACCATTGTGT,4
GTACCGTGAGGC,5
GTACGACTTGCC,0
GTACTTACATTG,0
GTACTTGGACTA,0
GTAGAACCGATT,0
GTAGCGCCTGCC,3
GTAGTAATTCAA,6
GTAGTACGGTAA,3
GTAGTAGCCCAG,0
GTAGTATTACTG,0
GTAGTGTAAGTC,3
GTAGTTTAGAGG,2
GTATCACTTGGT,2
GTATCCGAGACT,0
GTATTACAGTGA,1
GTCAAAATCACA,0
GTCAACAAGAGT,0
GTCACCCTTTGA,1
GTCACGCAACTA,5
GTCATTCCGAAG,0
GTCATTCGGGCA,0
GTCCAGAGTATC,0
GTCCCGGCTGTA,1
GTCGAATAGACG,0
GTCGACAGGGTA,5
GTCGACTAAAGG,5
GTCGATCCACAT,1
GTCGCACAAACA,4
GTCGCGACACCA,6
GTCGCGATTTCG,1
GTCGGCTGCACG,0
GTCGGGTTTACT,7
GTCGGTCATTAG,6
GTCTAAGCACCG,4
GTCTAAGCTAGG,3
GTCTACGCCGTG,0
GTCTAGACGACA,1
GTCTCCCAATAT,0
GTCTGGAAATTA,0
GTCTTACGGGTG,0
GTCTTCCCAACA,4
GTTAAGCGCGTT,4
GTTACGATCTAA,0
GTTAGCATAGGC,0
GTTAGTGCGCAA,0
GTTCAAAACCCC,0
GTTCACCTGTGG,6
GTTCAGCAGTAC,6
GTTCCTGGCCGA,0
GTTCGAGTCGTC,0
GTTCGCTGGCAA,0
GTTCTCTAGATA,0
GTTCTGCTGGCC,0
GTTGAAGTAACT,0
GTTGAATTAGCG,4
GTTGAGCTGTAG,0
GTTGCAAAGTAC,1
GTTGCCGCATCG,6
GTTGCCTCCGTA,0
GTTGCGGCTTGC,2
GTTGGACTCGAC,4
GTTGTTCGGCAA,4
GTTGTTGGTGTC,6
GTTTAGTAGAGG,5
GTTTCCACTTAA,0
GTTTCCCACTCA,0
GTTTGGGCACTA,0
GTTTGTTAAAAC,0
GTTTTAACAGCC,0
GTTTTACAACGT,0
GTTTTCACGAGT,0
GTTTTGCTCTGG,2
TAACATCTACCA,5
TAACCCTTATCT,1
TAACGGTCATAA,4
TAAGAGCGTACA,0
TAAGGGGTTTTA,0
TAATACTGGGCA,2
TAATCCACAACT,0
TACAAACGGATC,0
TACACAAGCGGC,6
TACACCATTAAT,5
TACACTAGACGG,6
TACCAACATAGA,0
TACCACGAAAAT,3
TACCACTCTCCA,4
TACCCAAGTGAC,7
TACCGATCCGAT,0
TACCTGAGGGTA,0
TACGAAACCACT,0
TACGGGTAAGAA,6
TACGTCTGCGGA,2
TACTCTGCAGGG,6
TACTGGTACATC,0
TACTTCGACAAG,0
TACTTGGTACAG,0
TAGAACGGGCTC,0
TAGAAGTAGGTG,7
TAGACCGTCTGC,0
TAGACGTGAGCT,0
TAGAGGACCACG,0
TAGCACCATTGT,0
TAGCAGCAGAGG,4
TAGCAGGCCTTA,0
TAGCCCGAGGTG,1
TAGCCTCCACGA,4
TAGCTCGCCAGC,3
TAGGACACTTTG,1
TAGGACCTCTTA,2
TAGGATCCATTC,0
TAGGGAACTCTT,0
TAGGGCCAGAAT,7
TAGGGCGACCCT,0
TAGGTAACTAGA,0
TAGGTACACGGG,5
TAGGTGTCATAC,4
TAGTGGGTGGAA,0
TAGTGTAAGATT,5
TATACTAGCTTG,3
TATAGCATAGCG,0
TATCAATACCCG,0
TATCACATCTGC,2
TATCACGCCATA,0
TATCCAACCTGG,6
TATTAAGGCCCA,0
TATTCTACAAAC,0
TATTGAGCACGG,0
TATTTCCCCAGA,1
TCAAATCCCTAC,4
TCAAATCGGCGG,4
TCAACGACTAAG,0
TCAACGGGGAGA,0
TCAACTCCGCAT,2
TCAAGCAAGAAG,0
TCAAGCCGGTTA,0
TCAATCGGGTGA,2
TCACAACCGGCG,0
TCACCAATCAAG,0
TCACGCAGTAAC,0
TCACTGGGCTGA,4
TCAGAATACTGC,0
TCAGACGTTTCC,0
TCAGCACTCGCG,4
TCAGCATTGGAA,0
TCAGCTCTGTCA,0
TCAGCTTTCACG,0
TCAGTATTAGCC,2
TCAGTGATACTT,0
TCAGTTCGTTAA,4
TCCAACACTGGT,4
TCCAACCTTGGG,0
TCCAAGGCCAAC,0
TCCAAGTCCGGT,7
TCCAATCTAACG,0
TCCACGGTCGTA,0
TCCACTGTCAAG,4
TCCAGGTAGAAG,2
TCCCAGAGGGGT,2
TCCCAGCTAGAG,0
TCCCCAAATTCT,0
TCCGAAACTCCA,3
TCCGAATCCAAG,1
TCCGAGGATTGT,0
TCCGCAATAGCA,0
TCCGCTAAGTTG,0
TCCGGGCTTTTC,0
TCCGGTAATCAC,1
TCCGTGGCAAAC,1
TCCTAACGGAGC,0
TCCTACAGCAAC,0
TCCTATAAGGGC,0
TCCTCAACTGGC,0
TCCTCACGATTG,0
TCCTCGATCAGC,0
TCCTGCAATATC,1
TCCTGTGTTGTC,0
TCCTTAAAAAGG,0
TCCTTAACTAAA,0
TCGAAAAGGGCC,0
TCGAAACCTTAG,0
TCGAACAAGCAC,0
TCGAACAGCAGG,1
TCGAACTAGTAG,0
TCGAAGTGCTTG,0
TCGAAGTTCCGA,0
TCGACAATCCAT,0
TCGACAGACTCG,0
TCGACTGCGAAA,0
TCGAGCCGTCGA,0
TCGAGGGTACAG,0
TCGCAACCGGTC,1
TCGCAATTGAGG,4
TCGCCAAAGGGT,1
TCGCCAACGCAG,0
TCGCCACAATCA,0
TCGCCGAGATTT,0
TCGCGAACATAA,2
TCGCGCACAGTA,0
TCGCGCCTCTGT,7
TCGCTCTCGTCG,0
TCGGATCCACTA,0
TCGGCATCAAAC,0
TCGGCCAACAGG,6
TCGGCTCAACGA,5
TCGGGGGATCCA,0
TCGGGGTCTTAA,4
TCGGGTACGTCT,4
TCGGTAACAGTT,0
TCGGTACGAACT,0
TCGGTGACCGAA,0
TCGGTGTCGTTC,0
TCGTAATACATT,2
TCGTACCTCACT,1
TCGTAGTAAATA,0
TCGTATCAGACC,0
TCGTCTGTGGTT,4
TCGTGAACTAAG,0
TCGTGGAACACC,2
TCGTTACAGCTA,0
TCTAAACGGCAC,0
TCTAAATTGGGA,4
TCTAACGCCATT,0
TCTAAGAAAGTC,0
TCTACTTACGCC,6
TCTCATCGGCAG,5
TCTCCGAGAGCC,0
TCTCCGTATACT,4
TCTCCTGGATAG,0
TCTCGCATCAGG,1
TCTCTACGTATA,0
TCTCTAGCACTT,0
TCTGAAAGAGCG,2
TCTGACGAGCGC,3
TCTGAGGCAGGC,0
TCTGCATTATAG,2
TCTGCCCTCGGT,4
TCTGCGCTATAT,0
TCTGGCGTCCAT,0
TCTGTCTCGCAA,0
TCTTCGGCCGTA,5
TGAAAAGTCATT,0
TGAAATCAATCC,2
TGAACGGTCTCT,0
TGAAGAGTCGCT,0
TGAAGTTGGCCG,2
TGACAACTGTAT,4
TGACACTCGTGT,0
TGACCCGTACAG,0
TGACCGTATCTC,3
TGACCTAAATAC,0
TGACGTTACGAG,0
TGACTAAATTTC,5
TGACTATCGGCC,0
TGACTCATTGTA,4
TGAGACACTTGG,2
TGAGATATTGGC,0
TGAGCGCCTGGT,0
TGAGTTCATTAC,0
TGATACTGTCTC,0
TGATAGCATATT,0
TGATCATACTGT,0
TGATCATCTTGA,0
TGATTCAGAGAG,5
TGCAAAACAGAG,7
TGCAGCTCGGTT,7
TGCAGCTTAGGC,0
TGCATAACTCGG,7
TGCCAACCTCGA,5
TGCCAATTGAGA,0
TGCCAGAAGAGT,0
TGCCAGATTTCG,0
TGCCGTACAGGA,0
TGCCGTCATCTG,0
TGCCTGCCTGAG,0
TGCCTTACATCC,4
TGCCTTACCGAT,0
TGCGAAACACCG,0
TGCGATTTCCCG,4
TGCGATTTTCGA,0
TGCGCACCAGTG,0
TGCGCTCTACGC,4
TGCGGATCTTAT,7
TGCGGCCATTGA,3
TGCGGTTCCCGA,4
TGCTAATCTAGA,7
TGCTCAAATCTG,4
TGCTCCAAAAAC,0
TGCTCCGGCAAG,0
TGCTCGGGAGTT,0
TGCTGAAAGGTG,4
TGCTGTCCGTGG,0
TGGAAAAACAGC,6
TGGAAAGGACAT,0
TGGAACAGGTAA,7
TGGAACGAATTA,0
TGGAAGTCGTCA,0
TGGAATTTGTGA,0
TGGACAGCCAAA,6
TGGACCTCCTTG,0
TGGACGAAGACA,2
TGGACTAAGCTT,4
TGGAGACCAGAG,6
TGGAGCGCGTTT,4
TGGATCAACGCC,2
TGGATCAAGTGG,0
TGGCACATTGCT,0
TGGCAGAGTCAT,4
TGGCCGTCGTGT,0
TGGCGCGATTCG,0
TGGCGCGGCACT,0
TGGGAACCCGTT,0
TGGGAATCAAGT,0
TGGGAGATCTCA,4
TGGGCATCGGTC,0
TGGGTGAGCCTC,4
TGGTATCTGCAA,0
TGGTCAGGTGAT,0
TGTAATATTAGG,4
TGTACCCCAACA,5
TGTCCCCGCGTT,7
TGTCCCTGCAAG,6
TGTCCCTTACAA,0
TGTCCGCTTCCA,0
TGTCGAGTTGAA,7
TGTCGGATCTTC,0
TGTCTGAGCTGC,2
TGTCTGGTTAGA,2
TGTCTGTAGGTC,2
TGTGACGTAGGG,2
TGTGATTGCGCC,6
TGTGCTTCCGAT,4
TGTGGAGGAGTA,0
TGTGGTCAAAAT,0
TGTGTAAGGCTT,0
TGTGTGACATCT,1
TGTTATCGCCTG,6
TGTTTACCCAAT,0
TGTTTAGAAGCA,0
TGTTTCAGCGAA,0
TTAAAAGCTAAC,0
TTAAACTCACAT,0
TTAAGCACGGAA,4
TTACAGTTGAAC,3
TTACCTAAGCAT,0
TTACGGGATCAC,0
TTACTCAACTTC,6
TTACTGTTGCAG,0
TTAGAAGACTCA,7
TTAGAAGGATCG,2
TTAGATTGGACC,0
TTAGCCTACAGA,7
TTAGCGCCCACT,0
TTAGGCTTTAGA,0
TTAGGGTGAAAC,1
TTAGTGAGGCTT,2
TTATCCAGCCCT,0
TTCAAAGAGTCA,4
TTCACATACACT,4
TTCAGAGACTGT,0
TTCAGAGGTCGG,1
TTCCACAGTTAC,0
TTCCACGAGGAA,0
TTCCAGGCAACC,0
TTCCCACAGAAC,6
TTCCCCCGGGTA,0
TTCCCCGATTCA,0
TTCCCGCAGGGA,0
TTCCCTACAGGT,2
TTCCGCTATAGA,0
TTCCGGCGTAAG,0
TTCCTAGAAAAC,0
TTCCTCAAAAAT,1
TTCCTTGGGGCT,0
TTCGAGACGGAT,0
TTCGCCGCTTGA,4
TTCGCCGTGTTC,7
TTCGCTTGCACT,0
TTCGGATCGTAC,5
TTCGGCAGCGCA,0
TTCGGTCCAGCT,0
TTCGGTTGTACA,0
TTCTCAGCGATA,5
TTCTCCGAAGGA,6
TTCTCGGACGGC,4
TTCTGACATAAG,0
TTCTTACTCGAG,4
TTCTTAGGCGCG,1
TTCTTGCCTGTG,2
TTCTTTGGCCGC,0
TTTACAACGTGG,2
TTTACATCGGGC,4
TTTACCCCGAGG,3
TTTACCGACGAC,1
TTTAGCGCCTAG,4
TTTAGGACCAAT,0
TTTAGGTCCACA,6
TTTCAAAGCATC,2
TTTCACGAAGAC,0
TTTCATCCACGG,0
TTTCGATTAACG,3
TTTGACTAGCGT,0
TTTGAGACTATC,0
TTTGAGGTCTAC,0
TTTGCGGACGTT,0
TTTGGAGAACTG,2
TTTGGCAAGCAC,1
TTTGGCAGACTC,0
TTTGTGAATAAC,0
TTTTCACGAAAG,5
TTTTCCTCAACG,0
TTTTCCTGAAGC,2
