seq,id,freq
GTATGT,26,0.779527559055118
GTACGT,25,0.094488188976378
GTAAGT,24,0.0354330708661417
GTATGA,23,0.0393700787401575
GTATGC,22,0.0354330708661417
GTATAT,21,0
GTATGG,20,0
GAATGT,19,0
GTATTT,18,0
GTGTGT,17,0
GTGAGT,16,0
ATATGT,15,0
GTTTGT,14,0
GTAGGT,13,0
CTATGT,12,0
GCATGT,11,0.015748031496063
GGATGT,10,0
GTCTGT,9,0
GTATCT,8,0
TTATGT,7,0
TTACGT,6,0
GTTAGT,5,0
GCAAGT,4,0
CTATGC,3,0
GTATAC,2,0
CTAGGT,1,0
GTGTTT,1,0
CCGTGT,1,0
GAATAT,1,0
GTGGGT,1,0
ATATTT,1,0
GTTTGC,1,0
GTAAAT,1,0
CTGTGT,1,0
GTGTGG,1,0
GTACGA,1,0
GTTCGT,1,0
GTCAGT,1,0
GTATCA,1,0
GTAGCT,1,0
CTATGG,1,0
GTTGGT,1,0
GGAGGT,1,0
CTATCT,1,0
GTCGGT,1,0
GCATTT,1,0
GAATCT,1,0
GTCTGG,1,0
GTATAG,1,0
GTAAAC,1,0
GTCTTA,1,0
GTAAGG,1,0
TTAAGC,1,0
GGAAGT,1,0
GCATGG,1,0
TTTTGT,1,0
TCTTGT,1,0
AAATGT,1,0
GCTGGG,1,0
TAATGA,1,0
GAAACT,1,0
GGATAT,1,0
ACATGT,1,0
GCTTCT,1,0
GTTTAT,1,0
ATACGC,1,0
GTGTAT,1,0
GGACGT,1,0
GTAAGC,1,0
AGCGGT,1,0
GTACTT,1,0
GTTACG,1,0
GAGTGG,1,0
ACACGT,1,0
GCACTC,1,0
CGCTCT,1,0
TTCTGA,1,0
ATAGGT,1,0
ATAGGC,1,0
CCATAC,1,0
CGGTCT,1,0
CAATGT,1,0
GGATAG,1,0
AGATGA,1,0
GTTAAG,1,0
ATACTG,1,0
ATATGG,1,0
CTACGA,1,0
TAATCT,1,0
CTCAGA,1,0
CCATAT,1,0
GTAGGC,1,0
GCGCAT,1,0
GTGCGT,1,0
TTGGGG,1,0
GAGCCT,1,0
GCAATT,1,0
CTCTCG,1,0
TTAGGT,1,0
CTCTTC,1,0
CTTGAT,1,0
CTATCG,1,0
GAATGC,1,0
GGAGGG,1,0
TTCTGT,1,0
TTGTTA,1,0
CGACGT,1,0
TTATCT,1,0
GTGGCA,1,0
ATGGGA,1,0
GTACAT,1,0
GTCAGA,1,0
AATTCT,1,0
GTCCGC,1,0
GAAGCT,1,0
TAACTT,1,0
ATGTGT,1,0
GAACAC,1,0
CTGTTC,1,0
CTATGA,1,0
ATATAT,1,0
GGATTT,1,0
CTTAGA,1,0
CAATTC,1,0
ATGTAT,1,0
TCAAGT,1,0
GTAGGG,1,0
GTTTGG,1,0
GTTCCC,1,0
TTATAT,1,0
GTCTAT,1,0
GCTACT,1,0
TTTCGC,1,0
GTCCGT,1,0
ATATCA,1,0
CTAAAT,1,0
TATGTA,1,0
AATAGT,1,0
CTAAGG,1,0
GAATAA,1,0
TGGGGT,1,0
GAGTTC,1,0
GCTAGC,1,0
CCCTGT,1,0
GTCTGA,1,0
CCATCA,1,0
GGTTGG,1,0
TCAGCT,1,0
GGACGG,1,0
TTGTCT,1,0
TTTTGA,1,0
AGCTTT,1,0
ATACGG,1,0
TTTTTA,1,0
TTTTCT,1,0
GGGTCC,1,0
AGACTT,1,0
CTTCGA,1,0
GGGTGG,1,0
GTGTGC,1,0
GTACCC,1,0
GCGATT,1,0
TCGTAT,1,0
CTTTCC,1,0
ATCTGC,1,0
GGTTGT,1,0
TAAGGC,1,0
CGATGC,1,0
CTTGGC,1,0
CTTTCT,1,0
ATATTA,1,0
CTATAT,1,0
ACAGAT,1,0
GGATGC,1,0
GTAATT,1,0
GGATGG,1,0
CTACGT,1,0
GTGTCC,1,0
GTAGAT,1,0
GTGAAG,1,0
GTTTGA,1,0
ATTTGT,1,0
GTCTGC,1,0
GGAATT,1,0
GTTTAC,1,0
TAATGT,1,0
GATTAT,1,0
GATTGT,1,0
GTAGGA,1,0
GAATTT,1,0
GACTGT,1,0
TGATGT,1,0
TCATGT,1,0
GTACTA,1,0
GAATGG,1,0
GAATGA,1,0
TTGTGT,1,0
GCTTGT,1,0
CTAAGT,1,0
ATATAC,1,0
GCAGGC,1,0
GTCGGA,1,0
GGATCT,1,0
GCATGC,1,0
GCGTGT,1,0
GCAGGT,1,0
TCACGT,1,0
CTTTGT,1,0
GTATTC,1,0
GTGTCA,1,0
ATAAGG,1,0
TGATAA,1,0
GGCAGC,1,0
ATATGC,1,0
CTGGGA,1,0
GGGTGC,1,0
TTCGTT,1,0
ATCGGC,1,0
GTAAGA,1,0
GCACGT,1,0
GGAAGA,1,0
ATCAGT,1,0
GTAGTT,1,0
GGCTGT,1,0
ATCGGT,1,0
CTCTGT,1,0
GCCAGA,1,0
ATCCGT,1,0
CTTTGC,1,0
CTATAC,1,0
CAAGGA,1,0
GAGTGT,1,0
GTGTTC,1,0
GGACGC,1,0
ATGGCT,1,0
AGATGC,1,0
GTGTGA,1,0
AATGGT,1,0
ATGTCT,1,0
CTACGC,1,0
AAATGG,1,0
GGCCGG,1,0
TCATGG,1,0
CTTTTT,1,0
CCGCGT,1,0
CTATTT,1,0
GTTTTT,1,0
GCACAC,1,0
TTCTCT,1,0
TTATGC,1,0
GTTCCG,1,0
TAACAT,1,0
CTATAA,1,0
GGACAT,1,0
GCCAGC,1,0
ACGAGT,1,0
TATTTT,1,0
GCTAGA,1,0
TATTGC,1,0
GAAATG,1,0
TTATGA,1,0
TGAAGA,1,0
GTTTTA,1,0
ATATTG,1,0
ACAAGT,1,0
GAAGGG,1,0
GCGTCT,1,0
ATAGGA,1,0
TACTGC,1,0
TCATCA,1,0
AGGTGT,1,0
AGACGT,1,0
GATTGA,1,0
CTTTAT,1,0
TGAGGT,1,0
GCATCC,1,0
GGGTAT,1,0
GGGGAT,1,0
GGTAAT,1,0
ACCTAT,1,0
GTGCGA,1,0
GTGCTT,1,0
GGCTGC,1,0
CTCAGC,1,0
CAAACT,1,0
ACGTGA,1,0
GGGAAT,1,0
TTTTAG,1,0
TTCTGG,1,0
GGCGGT,1,0
TTTAGT,1,0
ATACGT,1,0
GCCCGC,1,0
ACATAT,1,0
GTGAGC,1,0
GTCGGG,1,0
GACGGA,1,0
GTTTCT,1,0
CTACAT,1,0
AGTAGT,1,0
GTTTTG,1,0
TTGTTT,1,0
GTAGAA,1,0
GTATAA,1,0
ACTTCT,1,0
CCATGT,1,0
CAATGC,1,0
CTGCGT,1,0
GAGCGC,1,0
GCAGTA,1,0
GAAGAA,1,0
GAGGGG,1,0
TATGTT,1,0
CAAGGC,1,0
GAAGGA,1,0
TTCTTG,1,0
GTATCC,1,0
GCATCT,1,0
CGCTGT,1,0
GCAGAT,1,0
GAAAGT,1,0
GGGTAG,1,0
AAACGG,1,0
GGACCT,1,0
ACACAT,1,0
TTGTAC,1,0
CCACTT,1,0
GGACTG,1,0
CCATCT,1,0
GTATTG,1,0
ATGTGG,1,0
GTGTTG,1,0
ATAGGG,1,0
CGATGT,1,0
GTGATA,1,0
TCACTT,1,0
TTACGG,1,0
GCGTAT,1,0
GTAACG,1,0
TGGTGT,1,0
CCCCGT,1,0
ATAGAT,1,0
GCTTTC,1,0
TGTTGA,1,0
CTTTCG,1,0
ATTTAT,1,0
TCAGGA,1,0
AGATCG,1,0
TTCTAC,1,0
CGAAGA,1,0
CTAACA,1,0
ATTTAA,1,0
ACTCGT,1,0
GACTTT,1,0
ATAATA,1,0
CGGGGT,1,0
CTGTTT,1,0
TTAAAT,1,0
GACCGA,1,0
GTTACA,1,0
CCATGG,1,0
GTCCTA,1,0
CCTTGG,1,0
TTGCGT,1,0
GGTGAT,1,0
GTGGGC,1,0
GCAGGG,1,0
GCCGGT,1,0
AAACGC,1,0
CGATAT,1,0
GAAAGG,1,0
GTTGTG,1,0
ATCTGG,1,0
CGATAG,1,0
GTTGGG,1,0
GTTTAA,1,0
ATGCCT,1,0
TGAACT,1,0
CTCGAT,1,0
GTCCCT,1,0
ATTTTT,1,0
ATTTCT,1,0
GCACTA,1,0
GAACCA,1,0
ATTGGT,1,0
CTATCC,1,0
GTACGG,1,0
GGAGGC,1,0
GGTACT,1,0
GGTTCT,1,0
GAGGGT,1,0
GTATTA,1,0
GACTCA,1,0
CCACGC,1,0
CTATTA,1,0
TCATAA,1,0
GCTGAT,1,0
TGTTCT,1,0
GTTCTT,1,0
GCTTCA,1,0
GCCTGA,1,0
GATGAC,1,0
CAATTT,1,0
GCATAT,1,0
GGGGGT,1,0
TAACCT,1,0
TTAAGA,1,0
GTACCA,1,0
CTGGTT,1,0
GTCGAC,1,0
CGATGG,1,0
CGTGGT,1,0
TAAGGG,1,0
TTATCG,1,0
CTCGGT,1,0
GTCTCA,1,0
CTAATT,1,0
AGTTGT,1,0
CTAGGG,1,0
ATAGTT,1,0
CGATTT,1,0
ATCTCC,1,0
CGGTAT,1,0
GAACTT,1,0
TATGTG,1,0
ATAGTG,1,0
CTAGTC,1,0
TTTGAT,1,0
AGGTGC,1,0
GAAAGC,1,0
CTTTAA,1,0
GCACCA,1,0
GGAGCT,1,0
TTACCT,1,0
TTATTG,1,0
TTGAGC,1,0
GATGGC,1,0
GAACGC,1,0
GCGCGG,1,0
GAGGGA,1,0
ATTTGC,1,0
ATCTCT,1,0
CTTGGT,1,0
TTGTCG,1,0
ATGCGC,1,0
GCTCGC,1,0
GTTCGG,1,0
CCTTAT,1,0
CGACGC,1,0
CGCTGC,1,0
GAAGAT,1,0
ATACTT,1,0
TTAATT,1,0
CGAAGT,1,0
GCAGAG,1,0
GGACCC,1,0
ATTTTA,1,0
TTAGGC,1,0
GGGTAA,1,0
GGAATA,1,0
GAGTAT,1,0
GATTCG,1,0
ATTGGC,1,0
AAGTGT,1,0
TCAGAT,1,0
GTCTTT,1,0
GTTCGA,1,0
AGATGG,1,0
GTAGTA,1,0
GTCTCT,1,0
ACCTCT,1,0
GGACCG,1,0
GCCCCT,1,0
GCTTTT,1,0
ATCTGA,1,0
GTTGAC,1,0
TTTTTT,1,0
GTCAGG,1,0
CCACGT,1,0
GATTTT,1,0
GAATCG,1,0
GGGTGT,1,0
CCGTTT,1,0
ATGAGT,1,0
GGTTTA,1,0
CTGTGG,1,0
TTGGGT,1,0
CAATTA,1,0
TGATGC,1,0
CTAGCT,1,0
TTAACT,1,0
GAAGCA,1,0
ATACAC,1,0
GACCAT,1,0
AGAGGA,1,0
AGAGGC,1,0
TTCTAT,1,0
TGCTGT,1,0
TTTGTT,1,0
CAATCC,1,0
TTCCAT,1,0
GTGAGG,1,0
GTAACC,1,0
CCTTGA,1,0
TTTTTG,1,0
ATGGGC,1,0
GGTGGC,1,0
ATGTTT,1,0
GTGTCT,1,0
CTAACG,1,0
GATTAC,1,0
GCAATC,1,0
CATTGT,1,0
CTATTC,1,0
TGTTGT,1,0
GCCGAT,1,0
GACTGG,1,0
GAGTAG,1,0
ATAAAT,1,0
GGAACT,1,0
CGAGGT,1,0
TATCGT,1,0
GACTTC,1,0
GGAAGG,1,0
GCACCT,1,0
GTTTCG,1,0
TCCTGT,1,0
GGATGA,1,0
GTGCTG,1,0
GCTGTT,1,0
CGAGTT,1,0
AGGTGA,1,0
GCTTAA,1,0
TAAGTT,1,0
GAATAG,1,0
GTTTTC,1,0
TTATGG,1,0
GGCCGA,1,0
GGCTGG,1,0
GCCGGC,1,0
TGCTTT,1,0
CTAGAC,1,0
GACGGG,1,0
GGTAGT,1,0
TATGTC,1,0
ATAAGC,1,0
GCGTGA,1,0
ATTCGT,1,0
GGCCAT,1,0
TCATAG,1,0
ATTATT,1,0
TGAAAT,1,0
GTAATC,1,0
AAAAGT,1,0
TTGGGC,1,0
GTGTAC,1,0
GTGACT,1,0
ATCGGG,1,0
TTATCC,1,0
GGAAAG,1,0
GTCGCA,1,0
TTATTT,1,0
TAATTT,1,0
GTTATT,1,0
CGATCT,1,0
GCCTGC,1,0
AGAAGT,1,0
GTCGTT,1,0
CGGAGT,1,0
TTAGAT,1,0
ACATAC,1,0
ATCGCT,1,0
GCCCGG,1,0
GTGGGG,1,0
GAACCT,1,0
CTCAAT,1,0
TAAAGC,1,0
GTCAGC,1,0
GTCGAT,1,0
ATGTTA,1,0
TGAGTT,1,0
ACAGTT,1,0
TAGGGT,1,0
ATATAG,1,0
GCTAGG,1,0
TTACAA,1,0
GTCCAT,1,0
GAAATT,1,0
GGGAGA,1,0
ATGCGG,1,0
CTAAGA,1,0
CTGTAT,1,0
CTCTGC,1,0
GCGGAT,1,0
GTGAAT,1,0
TCGTGA,1,0
AAGTGC,1,0
TTAATC,1,0
TTTTTC,1,0
ACCTGG,1,0
GGTGCT,1,0
CTGTCT,1,0
GATTAA,1,0
TTAGCT,1,0
CTTCGG,1,0
GCATAG,1,0
TCAAAT,1,0
ATGCGT,1,0
GAACGA,1,0
GCAAGG,1,0
GGATCA,1,0
TCACGC,1,0
GGTTTG,1,0
CTACCA,1,0
ATAAGA,1,0
CGTTGG,1,0
GACTCT,1,0
TACTGT,1,0
AGAGGT,1,0
CAACAT,1,0
TTCAAT,1,0
GGCGAT,1,0
ATGTCG,1,0
CTCTGA,1,0
CTATCA,1,0
TCCTGA,1,0
TTACCC,1,0
CCATGC,1,0
GCATTC,1,0
GTAGCA,1,0
CAACGG,1,0
TGACTT,1,0
TAAAGG,1,0
CAAGGT,1,0
TCAGGC,1,0
TTGCGC,1,0
GATTCA,1,0
CTACCG,1,0
CTTAGG,1,0
AAACGA,1,0
GACAAT,1,0
TACTTT,1,0
TGCAGT,1,0
GTCCGA,1,0
ACAACT,1,0
TTGTTC,1,0
GGACAG,1,0
AAATAT,1,0
CCAAGA,1,0
GCGCCT,1,0
GGTGGT,1,0
CGATGA,1,0
GTACCT,1,0
GGCTTT,1,0
GTTCCA,1,0
GGATTG,1,0
GCACGA,1,0
TTAGTA,1,0
GCACGC,1,0
TAATAT,1,0
ACAGGG,1,0
TAAAGT,1,0
GACTTA,1,0
AGAGTT,1,0
TTGTAA,1,0
TAGAGT,1,0
AAAAGC,1,0
CTTTCA,1,0
GTTGCT,1,0
AAAGGT,1,0
GGTTCG,1,0
GTAGTG,1,0
ATGTAC,1,0
GTGACG,1,0
ATAAGT,1,0
CCCTCT,1,0
TTAATA,1,0
GGCCGT,1,0
GTCAAG,1,0
CTTAGC,1,0
CCAAGT,1,0
AAATTT,1,0
TCATTC,1,0
ATAGCA,1,0
CTGTTA,1,0
TCATTA,1,0
GTGAAC,1,0
GGACAA,1,0
TTAACA,1,0
AGCTAT,1,0
CTGATT,1,0
TCATCT,1,0
ATCTCA,1,0
GATAGG,1,0
CAGTGA,1,0
TGGTAT,1,0
ATTGTT,1,0
GAAGGT,1,0
TAACGT,1,0
GCACAA,1,0
AGATTT,1,0
TCTTAT,1,0
TAATGG,1,0
GATACT,1,0
TTTAGA,1,0
CCTTTT,1,0
GTAGAC,1,0
CTCGTT,1,0
TCTCGT,1,0
AAATAA,1,0
CAATAC,1,0
GAACGT,1,0
AATTTT,1,0
TAGTCT,1,0
TTGAGT,1,0
GCGTTA,1,0
ATACGA,1,0
GTGCGC,1,0
ACATGA,1,0
GTACGC,1,0
GTTCCT,1,0
TTCTCG,1,0
AGACAT,1,0
AGCAGT,1,0
CAGTGG,1,0
ATTCGC,1,0
GCGTAG,1,0
ATTTGA,1,0
GGCGGA,1,0
GCCTCA,1,0
TGGTGA,1,0
GTCAAA,1,0
GTGGGA,1,0
ACATTT,1,0
CTCCTT,1,0
GTCTCG,1,0
GGTAGC,1,0
TTGCGG,1,0
GAAGGC,1,0
TAGTGT,1,0
GAACTG,1,0
GATTGC,1,0
GACTGC,1,0
TTAGGA,1,0
AGTTGC,1,0
GGCGCT,1,0
CTCTTG,1,0
GTTGCG,1,0
GCTTGA,1,0
TTCCCT,1,0
GTTGGA,1,0
GAAAAT,1,0
GACCCT,1,0
GAGTAC,1,0
GCTTAT,1,0
TCATCC,1,0
TTGGTT,1,0
GTTTCA,1,0
GACCGT,1,0
GACAGT,1,0
TTTCGT,1,0
GAGGAT,1,0
AAAGGA,1,0
AAGTAT,1,0
CTAGGA,1,0
CTGTAA,1,0
GACTAT,1,0
GCTCGA,1,0
TGCTCT,1,0
GGCGGG,1,0
GTTAGG,1,0
TTGGGA,1,0
GAACAT,1,0
TTGATT,1,0
GATCTT,1,0
GCCCGA,1,0
